Filename, Sample, U1 (V), I1 (A), Ug (V), gm (A/V), go (A/V), μ (V/V), T (°C)
DN2540_1, DN2540_1, 3, 0.02, -1.561, 0.132, 0.0008603, 153.4, 29.81
DN2540_2, DN2540_2, 3, 0.02, -1.728, 0.1321, -0.0004963, -266.2, 30
