Filename-1, Sample-1, Filename-2, Sample-2, U1_range_low (V), U1_range_high (V), I1_range_low (A), I1_range_high (A), delta-Vg (V-RMS), delta-Vg mean subtracted (V-RMS)
FQA12P20_12, FQA12P20_12, FQA12P20_15, FQA12P20_15, -26, -5, -5, 0, 0.3496, 0.02854
FQA12P20_12, FQA12P20_12, FQA12P20_16, FQA12P20_16, -26, -5, -5, 0, 0.2785, 0.02897
FQA12P20_12, FQA12P20_12, FQA12P20_2, FQA12P20_2, -26, -5, -5, 0, 0.3386, 0.02009
FQA12P20_15, FQA12P20_15, FQA12P20_16, FQA12P20_16, -26, -5, -5, 0, 0.07834, 0.02043
FQA12P20_15, FQA12P20_15, FQA12P20_2, FQA12P20_2, -26, -5, -5, 0, 0.6812, 0.02428
FQA12P20_16, FQA12P20_16, FQA12P20_2, FQA12P20_2, -26, -5, -5, 0, 0.6133, 0.03238
