Filename, Sample, U1 (V), I1 (A), Ug (V), gm (A/V), go (A/V), μ (V/V), T (°C)
FQA12P20_12, FQA12P20_12, -24, -1, -5.109, 3.066, 0.01529, 200.5, 50.25
FQA12P20_15, FQA12P20_15, -24, -1, -5.463, 2.991, 0.01765, 169.5, 50.44
FQA12P20_16, FQA12P20_16, -24, -1, -5.408, 2.716, 0.01473, 184.4, 50.44
FQA12P20_2, FQA12P20_2, -24, -1, -4.757, 3.377, 0.03473, 97.23, 50.38
