Filename, Sample, U1 (V), I1 (A), Ug (V), gm (A/V), go (A/V), μ (V/V), T (°C)
32B_1, 32B_1, 300, 0.1, -48.68, 0.004966, 0.001342, 3.7, NA
32B_2, 32B_2, 300, 0.1, -44.48, 0.006053, 0.001486, 4.073, NA
32B_3, 32B_3, 300, 0.1, -46.85, 0.004156, 0.000732, 5.678, NA
