Filename, Sample, U1 (V), I1 (A), Ug (V), gm (A/V), go (A/V), μ (V/V), T (°C)
EL34_1, EL34_1_MULLARDRUSSIA, 350, 0.04, -30.03, 0.005538, 0.0005412, 10.23, NA
EL34_2, EL34_2_MULLARDRUSSIA, 350, 0.04, -30.97, 0.005636, 0.0005835, 9.659, NA
EL34_3, EL34_3_MULLARDRUSSIA, 350, 0.04, -31.18, 0.005578, 0.0006834, 8.162, NA
EL34_4, EL34_4_MULLARDRUSSIA, 350, 0.04, -30.57, 0.005484, 0.0005523, 9.93, NA
