Filename-1, Sample-1, Filename-2, Sample-2, U1_range_low (V), U1_range_high (V), I1_range_low (A), I1_range_high (A), delta-Ib (A-RMS), delta-Ib mean subtracted (A-RMS)
MJL21193_2, MJL21193_2, MJL21193_5, MJL21193_5, -20, -3, -2, -0.1, 0.0001622, 0.0001291
MJL21193_2, MJL21193_2, MJL21193_7, MJL21193_7, -20, -3, -2, -0.1, 0.0002141, 0.0001515
MJL21193_2, MJL21193_2, MJL21193_8, MJL21193_8, -20, -3, -2, -0.1, 9.919e-05, 8.921e-05
MJL21193_5, MJL21193_5, MJL21193_7, MJL21193_7, -20, -3, -2, -0.1, 0.0001516, 0.0001426
MJL21193_5, MJL21193_5, MJL21193_8, MJL21193_8, -20, -3, -2, -0.1, 0.0001546, 0.0001437
MJL21193_7, MJL21193_7, MJL21193_8, MJL21193_8, -20, -3, -2, -0.1, 0.0001337, 7.771e-05
