Filename, Sample, U1 (V), I1 (A), Ib (A), hfe (A/A), go (A/V), ro (V/A), T (°C)
MJL21193_2, MJL21193_2, -15, -0.5, -0.003966, 115.8, -26.69, -4.339, 50
MJL21193_5, MJL21193_5, -15, -0.5, -0.003947, 108.3, -23.86, -4.54, 50.06
MJL21193_7, MJL21193_7, -15, -0.5, -0.003975, 112.1, 0.6732, 166.5, 50.06
MJL21193_8, MJL21193_8, -15, -0.5, -0.003939, 114.3, -5.449, -20.98, 50.06
