Filename, Sample, U1 (V), I1 (A), Ug (V), gm (A/V), go (A/V), μ (V/V), T (°C)
SJEP120R100_1, SJEP120R100_1, 12, 1.5, 1.7, 2.818, 0.004305, 654.5, 49.56
SJEP120R100_2, SJEP120R100_2, 12, 1.5, 1.734, 2.995, 0.05039, 59.44, 50.06
SJEP120R100_3, SJEP120R100_3, 12, 1.5, 1.489, 3.377, -0.009015, -374.6, 50.06
SJEP120R100_4, SJEP120R100_4, 12, 1.5, 1.482, 4.472, -0.0007491, -5970, 50.06
SJEP120R100_5, SJEP120R100_5, 12, 1.5, 1.58, 3.91, -0.003369, -1161, 50.06
SJEP120R100_6, SJEP120R100_6, 12, 1.5, 1.574, 3.918, 0.001193, 3285, 50.06
