Filename, Sample, U1 (V), I1 (A), Ug (V), gm (A/V), go (A/V), μ (V/V), T (°C)
SJEP120R100_1, SJEP120R100_1, 12, 0.8, 1.446, 2.841, 0.003068, 925.8, 49.56
SJEP120R100_2, SJEP120R100_2, 12, 0.8, 1.479, 2.119, -0.005761, -367.8, 50.06
SJEP120R100_3, SJEP120R100_3, 12, 0.8, 1.266, 2.79, 0.002713, 1028, 50.06
SJEP120R100_4, SJEP120R100_4, 12, 0.8, 1.306, 3.695, 0.03311, 111.6, 50.06
SJEP120R100_5, SJEP120R100_5, 12, 0.8, 1.393, 3.679, -0.001784, -2063, 50.06
SJEP120R100_6, SJEP120R100_6, 12, 0.8, 1.384, 3.751, 0.01435, 261.3, 50.06
