Filename, Sample, U1 (V), I1 (A), Ug (V), gm (A/V), go (A/V), μ (V/V), T (°C)
IXTP3N100D2_1, IXTP3N100D2_1, 440, 0.02, -3.295, 0.09355, 2.234e-05, 4187, 29.75
IXTP3N100D2_2, IXTP3N100D2_2, 440, 0.02, -2.857, 0.08607, -0.002148, -40.08, 29.75
