Filename, Sample, U1 (V), I1 (A), Ug (V), gm (A/V), go (A/V), μ (V/V), T (°C)
FQA19N20_1, FQA19N20_1, 24, 1, 3.724, 3.369, 0.02121, 158.8, 50.25
FQA19N20_2, FQA19N20_2, 24, 1, 3.686, 3.39, 0.01153, 294.1, 50.38
FQA19N20_3, FQA19N20_3, 24, 1, 3.696, 4.582, 0.02652, 172.8, 50.31
FQA19N20_4, FQA19N20_4, 24, 1, 3.667, 5.446, 0.004408, 1236, 50.06
