Filename, Sample, U1 (V), I1 (A), Ug (V), gm (A/V), go (A/V), μ (V/V), T (°C)
302B_1, 302B_1, 300, 0.1, -48.68, 0.004989, 0.001311, 3.806, NA
302B_2, 302B_2, 300, 0.1, -44.48, 0.006202, 0.001402, 4.424, NA
302B_3, 302B_3, 300, 0.1, -46.85, 0.004845, 0.001189, 4.076, NA
