Filename, Sample, U1 (V), I1 (A), Ug (V), gm (A/V), go (A/V), μ (V/V), T (°C)
KT66_28, KT66_28_GT, 350, 0.04, -38.06, 0.003905, 0.000559, 6.986, NA
KT66_34, KT66_34_GEC, 350, 0.04, -38.97, 0.00402, 0.0005732, 7.014, NA
