Filename, Sample, U1 (V), I1 (A), Ug (V), gm (A/V), go (A/V), μ (V/V), T (°C)
AOT1N60_1, AOT1N60_1, 10, 0.02, 4.646, 0.124, 0.0009367, 132.4, 29.69
AOT1N60_2, AOT1N60_2, 10, 0.02, 4.595, 0.1245, 0.000734, 169.6, 30.38
