Filename, Sample, U1 (V), I1 (A), Ug (V), gm (A/V), go (A/V), μ (V/V), T (°C)
AOT1N60_1, AOT1N60_1, 5, 0.02, 4.653, 0.1221, 0.001383, 88.29, 29.69
AOT1N60_2, AOT1N60_2, 5, 0.02, 4.544, 0.1215, 0.0004488, 270.6, 30.38
