Filename, Sample, U1 (V), I1 (A), Ug (V), gm (A/V), go (A/V), μ (V/V), T (°C)
E180F_1, E180F_1, 200, 0.01, -2.684, 0.01406, 0.0003197, 43.98, NA
E180F_2, E180F_2, 200, 0.01, -2.754, 0.01443, 0.0002917, 49.47, NA
E180F_3, E180F_3, 200, 0.01, -2.87, 0.01446, 0.0003075, 47.03, NA
E180F_4, E180F_4, 200, 0.01, -2.973, 0.01214, 0.0002815, 43.12, NA
E180F_5, E180F_5, 200, 0.01, -3.01, 0.01148, 1.684e-07, 6.817e+04, NA
E180F_6, E180F_6, 200, 0.01, -2.54, 0.01306, 0.0002943, 44.37, NA
