Filename-1, Sample-1, Filename-2, Sample-2, U1_range_low (V), U1_range_high (V), I1_range_low (A), I1_range_high (A), delta-Ib (A-RMS), delta-Ib mean subtracted (A-RMS)
MJL21194_1, MJL21194_1, MJL21194_10, MJL21194_10, 3, 20, 0.1, 2, 0.001219, 0.000697
MJL21194_1, MJL21194_1, MJL21194_6, MJL21194_6, 3, 20, 0.1, 2, 0.001081, 0.0005023
MJL21194_1, MJL21194_1, MJL21194_7, MJL21194_7, 3, 20, 0.1, 2, 0.0004314, 0.0003186
MJL21194_10, MJL21194_10, MJL21194_6, MJL21194_6, 3, 20, 0.1, 2, 0.002276, 0.00115
MJL21194_10, MJL21194_10, MJL21194_7, MJL21194_7, 3, 20, 0.1, 2, 0.001418, 0.0005637
MJL21194_6, MJL21194_6, MJL21194_7, MJL21194_7, 3, 20, 0.1, 2, 0.0009121, 0.0006189
