Filename, Sample, U1 (V), I1 (A), Ib (A), hfe (A/A), go (A/V), rbe (V/A), T (°C)
MJL21194_1, MJL21194_1, 15, 0.5, 0.003464, 150.1, -0.1057, -1421, 49.69
MJL21194_2, MJL21194_2, 15, 0.5, 0.002777, 183.3, 1.048, 174.9, 50
MJL21194_3, MJL21194_3, 15, 0.5, 0.003238, 155.7, -1.569, -99.22, 50.06
MJL21194_4, MJL21194_4, 15, 0.5, 0.00364, 140.2, -0.3057, -458.6, 49.81
MJL21194_5, MJL21194_5, 15, 0.5, 0.003488, 140.5, -0.6134, -229, 50.06
MJL21194_6, MJL21194_6, 15, 0.5, 0.003007, 169.3, 0.8692, 194.7, 50.31
MJL21194_7, MJL21194_7, 15, 0.5, 0.00313, 157.4, -0.4567, -344.6, 50.06
MJL21194_8, MJL21194_8, 15, 0.5, 0.003188, 152.2, 0.8333, 182.6, 50.06
