Filename, Sample, U1 (V), I1 (A), Ug (V), gm (A/V), go (A/V), μ (V/V), T (°C)
VT25_1, VT25_1, 300, 0.02, -19.72, 0.002166, 0.0002566, 8.441, NA
VT25_2, VT25_2, 300, 0.02, -19.43, 0.002284, 0.0002553, 8.948, NA
VT25_3, VT25_3, 300, 0.02, -20.02, 0.00223, 0.0002696, 8.272, NA
VT25_4, VT25_4, 300, 0.02, -18.01, 0.002309, 0.0002605, 8.865, NA
VT25_5, VT25_5, 300, 0.02, -18.42, 0.001861, 0.000221, 8.42, NA
