Filename, Sample, U1 (V), I1 (A), Ug (V), gm (A/V), go (A/V), μ (V/V), T (°C)
VT25_1, VT25_1, 300, 0.02, -19.72, 0.002154, 0.0002473, 8.711, NA
VT25_1_fil_I_fixed, VT25_1_fil_I_fixed, 300, 0.02, -19.74, 0.002113, 0.0002617, 8.073, NA
VT25_1_fil_V_fixed, VT25_1_fil_V_fixed, 300, 0.02, -19.72, 0.002154, 0.0002473, 8.711, NA
VT25_3, VT25_3, 300, 0.02, -20.02, 0.0022, 0.0002738, 8.035, NA
VT25_4, VT25_4, 300, 0.02, -18.01, 0.002306, 0.0002582, 8.93, NA
